{
  "users": [
    {
      "id": 1,
      "email": "test@test",
      "password": "111"
    },
    {
      "id": 2,
      "email": "test1@test",
      "password": "111"
    },
    {
      "id": "ddf6cc80-b883-4c27-a3ae-d68ca9793369",
      "email": "a@a.a",
      "password": "a"
    },
    {
      "id": "dfc2dfbb-e34b-4647-a333-945681a1bd72",
      "email": "1@1.com",
      "password": "1"
    }
  ],
  "events": [
    {
      "id": "e1",
      "userId": 1,
      "date": {
        "year": 2021,
        "month": 5,
        "day": 10
      },
      "title": "Super Event 2021",
      "timeRange": {
        "startTime": "14:00",
        "endTime": "16:00"
      },
      "importance": "Medium"
    },
    {
      "id": "e2",
      "userId": 1,
      "date": {
        "year": 2021,
        "month": 7,
        "day": 10
      },
      "title": "Шашлик__НЯМ",
      "timeRange": {
        "startTime": "14:00",
        "endTime": "19:00"
      },
      "importance": "High"
    },
    {
      "id": "e3",
      "userId": 2,
      "date": {
        "year": 2021,
        "month": 5,
        "day": 10
      },
      "title": "АКС",
      "timeRange": {
        "startTime": "10:00",
        "endTime": "13:30"
      },
      "importance": "Low"
    },
    {
      "id": "69ee9e3d-75af-4198-b5f9-13c981a36efd",
      "userId": 1,
      "date": {
        "year": 2021,
        "month": 6,
        "day": 21
      },
      "title": "Філармонія",
      "timeRange": {
        "startTime": "19:00",
        "endTime": "21:00"
      },
      "importance": "High"
    },
    {
      "id": "fa14f7fc-0ecf-4b60-8215-f6e5c75b8d0f",
      "userId": 1,
      "date": {
        "year": 2021,
        "month": 6,
        "day": 21
      },
      "title": "Обід",
      "timeRange": {
        "startTime": "14:00",
        "endTime": "15:00"
      },
      "importance": "Medium"
    },
    {
      "id": "8339280b-5a35-4c93-8119-24e62151b9e4",
      "userId": 1,
      "date": {
        "year": 2021,
        "month": 6,
        "day": 3
      },
      "title": "Медитація",
      "timeRange": {
        "startTime": "02:00",
        "endTime": "12:00"
      },
      "importance": "Low"
    },
    {
      "id": "2101c64a-f301-4e22-9ff6-b00f3b011e7f",
      "userId": 1,
      "date": {
        "year": 2021,
        "month": 6,
        "day": 3
      },
      "title": "Сон",
      "timeRange": {
        "startTime": "02:04",
        "endTime": "12:22"
      },
      "importance": "High"
    },
    {
      "id": "71b0e362-a947-408b-a5ce-76ea06df79ff",
      "userId": 1,
      "date": {
        "year": 2021,
        "month": 6,
        "day": 11
      },
      "title": "Психолог",
      "timeRange": {
        "startTime": "10:00",
        "endTime": "15:00"
      },
      "importance": "High"
    },
    {
      "id": "87dd6144-2514-4d4e-bb92-7345d2f43e92",
      "userId": 1,
      "date": {
        "year": 2021,
        "month": 7,
        "day": 1
      },
      "title": "Camp",
      "timeRange": {
        "startTime": "18:24",
        "endTime": "22:24"
      },
      "importance": "High"
    },
    {
      "id": "ea203798-8f2f-4d25-8213-5fb213fdc6ae",
      "userId": 1,
      "date": {
        "year": 2021,
        "month": 6,
        "day": 3
      },
      "title": "Party",
      "timeRange": {
        "startTime": "20:41",
        "endTime": "23:41"
      },
      "importance": "High"
    },
    {
      "id": "3460058b-2f53-4abb-8115-e80a0e75d9ff",
      "userId": 1,
      "date": {
        "year": 2021,
        "month": 6,
        "day": 18
      },
      "title": "Реколекції",
      "timeRange": {
        "startTime": "10:00",
        "endTime": "22:00"
      },
      "importance": "Medium"
    },
    {
      "id": "4d753329-00a7-47ae-b0bf-3a459ec3ae04",
      "userId": 1,
      "date": {
        "year": 2021,
        "month": 6,
        "day": 19
      },
      "title": "Реколекції",
      "timeRange": {
        "startTime": "10:00",
        "endTime": "22:00"
      },
      "importance": "Medium"
    },
    {
      "id": "1e9e99f1-40e4-4f16-9062-bf26663d308d",
      "userId": 1,
      "date": {
        "year": 2021,
        "month": 6,
        "day": 30
      },
      "title": "Camp",
      "timeRange": {
        "startTime": "00:09",
        "endTime": "00:14"
      },
      "importance": "High"
    },
    {
      "id": "637cda79-f0cb-471f-a2b8-c03d665059bc",
      "userId": 1,
      "date": {
        "year": 2021,
        "month": 6,
        "day": 25
      },
      "title": "Морозиво",
      "timeRange": {
        "startTime": "00:45",
        "endTime": "00:50"
      },
      "importance": "High"
    },
    {
      "id": "0631af90-5de3-4a03-ab82-09b8d2861d5d",
      "userId": 1,
      "date": {
        "year": 2021,
        "month": 6,
        "day": 16
      },
      "title": "сістер ДН",
      "timeRange": {
        "startTime": "00:00",
        "endTime": "23:59"
      },
      "importance": "High"
    }
  ]
}